external_id,name,province,admin_zone,current_precision,current_lat,current_lng,google_lat,google_lng,status,location_type,partial_match,formatted_address,place_id,quality_reason
4aff2348e24d0a2d,บริษัท ไอแอม คอนซัลติ้ง จำกัด,กรุงเทพมหานคร,เขตลาดพร้าว,approximate,13.8088703,100.6177644,13.6850441,100.5467076,OK,GEOMETRIC_CENTER,TRUE,"43, Soi Saphan Khu, Rama 4 Road, Thung Mahamek, Khet Sathon, Bangkok, 10120, แขวงช่องนนทรี เขตยานนาวา กรุงเทพมหานคร 10120 ประเทศไทย",ChIJqTKDfuGh4jARpOGv-YGVER4,low confidence location_type=GEOMETRIC_CENTER
8af20d5a86f613a3,บริษัท เวล เกรด เอ็นจิเนียริ่ง,นนทบุรี,อำเภอเมืองนนทบุรี,city,13.8428962,100.4937886,13.9235362,100.3947116,OK,APPROXIMATE,TRUE,นนทบุรี ประเทศไทย,ChIJO6t2z8CE4jARpO5V399Gdpg,low confidence location_type=APPROXIMATE
2c90e13240af1995,บริษัท เนเจอคอนเนอส์ จำกัด,กรุงเทพมหานคร,เขตลาดพร้าว,approximate,13.8088703,100.6177644,13.6850441,100.5467076,OK,GEOMETRIC_CENTER,TRUE,"43, Soi Saphan Khu, Rama 4 Road, Thung Mahamek, Khet Sathon, Bangkok, 10120, แขวงช่องนนทรี เขตยานนาวา กรุงเทพมหานคร 10120 ประเทศไทย",ChIJqTKDfuGh4jARpOGv-YGVER4,low confidence location_type=GEOMETRIC_CENTER
394c5e6ba1616048,บริษัท มี มายด์ จำกัด,สมุทรปราการ,อำเภอเมืองสมุทรปราการ,city,13.5981041,100.6011757,13.6335741,100.7548851,OK,APPROXIMATE,TRUE,สมุทรปราการ ประเทศไทย,ChIJWV8GL4-h4jARCvzY7dWvlUE,low confidence location_type=APPROXIMATE
84ab6e54186bd6bf,บริษัท เคชชัพ ไอเอ็มซี จำกัด,กรุงเทพมหานคร,เขตลาดพร้าว,approximate,13.8088703,100.6177644,13.6850441,100.5467076,OK,GEOMETRIC_CENTER,TRUE,"43, Soi Saphan Khu, Rama 4 Road, Thung Mahamek, Khet Sathon, Bangkok, 10120, แขวงช่องนนทรี เขตยานนาวา กรุงเทพมหานคร 10120 ประเทศไทย",ChIJqTKDfuGh4jARpOGv-YGVER4,low confidence location_type=GEOMETRIC_CENTER
511c7ec561172148,บริษัท สิริ ณดา (2563) จำกัด,นนทบุรี,อำเภอเมืองนนทบุรี,city,13.8428962,100.4937886,13.9235362,100.3947116,OK,APPROXIMATE,TRUE,นนทบุรี ประเทศไทย,ChIJO6t2z8CE4jARpO5V399Gdpg,low confidence location_type=APPROXIMATE
534d856a0f428f69,บริษัท ดีซี่ คูล เอ็นจิเนียริ่ง,สมุทรปราการ,อำเภอเมืองสมุทรปราการ,city,13.5981041,100.6011757,13.6293577,100.5805241,OK,APPROXIMATE,TRUE,หมู่ที่ 8 ตำบล บางด้วน อำเภอเมืองสมุทรปราการ สมุทรปราการ 10270 ประเทศไทย,ChIJja3nq-Sg4jARniqkIpvdNag,low confidence location_type=APPROXIMATE
0191ef62dca9882e,บริษัท เจ เอ็ม พี เอส คอนสตรัคชั่น,กรุงเทพมหานคร,เขตลาดพร้าว,approximate,13.8088703,100.6177644,13.6850441,100.5467076,OK,GEOMETRIC_CENTER,TRUE,"43, Soi Saphan Khu, Rama 4 Road, Thung Mahamek, Khet Sathon, Bangkok, 10120, แขวงช่องนนทรี เขตยานนาวา กรุงเทพมหานคร 10120 ประเทศไทย",ChIJqTKDfuGh4jARpOGv-YGVER4,low confidence location_type=GEOMETRIC_CENTER
944dc7d7f19c1b5d,บริษัท วันทูวัน โปรเฟสชั่นแนล,นนทบุรี,อำเภอเมืองนนทบุรี,city,13.8428962,100.4937886,13.9029464,100.5237402,OK,ROOFTOP,TRUE,อาคารซอฟต์แวร์ปาร์ค 99/24 หมู่ที่ 4 ถ. แจ้งวัฒนะ ตำบล ปากเกร็ด อำเภอปากเกร็ด นนทบุรี 11120 ประเทศไทย,ChIJexaeiJuE4jARuTSy6yPqQLA,partial match without matching house number
56a8b6d6bbec12fa,บริษัท พร้อมตรวจ จำกัด,นนทบุรี,อำเภอเมืองนนทบุรี,city,13.8428962,100.4937886,13.9272293,100.4234290,OK,GEOMETRIC_CENTER,TRUE,ซอย หมู่บ้านเพอร์เฟค พาร์ค ตำบล บางบัวทอง อำเภอบางบัวทอง นนทบุรี 11110 ประเทศไทย,ChIJ9ZJ5EnSP4jARZn4nFrAOQiY,low confidence location_type=GEOMETRIC_CENTER
8f13f2f4ba1b32f5,บริษัท ซี.อี.เอ็ม เทคโนโลยี (ไทยแลนด์) จํากัด,นครปฐม,อำเภอเมืองนครปฐม,city,13.8190071,100.0639917,13.9369716,100.1962415,OK,APPROXIMATE,TRUE,บางระกำ อำเภอบางเลน นครปฐม 73130 ประเทศไทย,ChIJa8yFvbbz4jARHtuOw4mYKKA,low confidence location_type=APPROXIMATE
eb63b2b7e31dd8a2,บริษัท คิดดี ออแกไนซ์ จำกัด,นนทบุรี,อำเภอเมืองนนทบุรี,city,13.8428962,100.4937886,13.9235362,100.3947116,OK,APPROXIMATE,TRUE,นนทบุรี ประเทศไทย,ChIJO6t2z8CE4jARpO5V399Gdpg,low confidence location_type=APPROXIMATE
3759a359bdd26478,บริษัท เอส.เอส.เอ็ม.ซัพพลาย จำกัด,ชลบุรี,อำเภอเมืองชลบุรี,city,13.3662087,100.9872185,12.9249874,100.9111606,OK,ROOFTOP,TRUE,WWF6+XFV ซอย หมู่บ้านโชคชัยการ์เด้นโฮม 3 เมืองพัทยา อำเภอบางละมุง ชลบุรี 20150 ประเทศไทย,ChIJW6JoL0aVAjERKK7pgHVsheQ,partial match without matching house number
115831f1a4ed2861,ห้างหุ้นส่วนจำกัด อี.วาย.วี.ทีม,ฉะเชิงเทรา,อำเภอเมืองฉะเชิงเทรา,city,13.6891784,101.0708268,13.6259850,101.0364975,OK,ROOFTOP,TRUE,หมู่ที่ 1 ถ. ฉะเชิงเทรา - บางปะกง ตำบล คลองประเวศ อำเภอบ้านโพธิ์ ฉะเชิงเทรา 24140 ประเทศไทย,ChIJQTQvRVc-HTERFV3cdBJsnAs,partial match without matching house number
a36d5713864d240a,บริษัท สักทอง (ไทย) จำกัด,นนทบุรี,อำเภอเมืองนนทบุรี,city,13.8428962,100.4937886,13.9088173,100.4434873,OK,APPROXIMATE,TRUE,หมู่ที่ 1 ตำบล บางบัวทอง อำเภอปากเกร็ด นนทบุรี 11110 ประเทศไทย,ChIJs6sjPGOF4jARJP-0f2_KbB8,low confidence location_type=APPROXIMATE
b25bbd438215967a,บริษัท ดี.พี.เซรามิคส์ จำกัด,กรุงเทพมหานคร,เขตลาดพร้าว,approximate,13.8088703,100.6177644,13.6850441,100.5467076,OK,GEOMETRIC_CENTER,TRUE,"43, Soi Saphan Khu, Rama 4 Road, Thung Mahamek, Khet Sathon, Bangkok, 10120, แขวงช่องนนทรี เขตยานนาวา กรุงเทพมหานคร 10120 ประเทศไทย",ChIJqTKDfuGh4jARpOGv-YGVER4,low confidence location_type=GEOMETRIC_CENTER
ec77b3951969353c,บริษัท ริคโค่ กรุ๊ป (ประเทศไทย) จำก,ปทุมธานี,อำเภอเมืองปทุมธานี,city,14.0203964,100.5340426,13.9430228,100.6410662,OK,ROOFTOP,TRUE,หมู่ที่ 18 ตำบลคูคต อำเภอลำลูกกา ปทุมธานี 12130 ประเทศไทย,ChIJs-KQwel9HTERu0WOYvJkr6A,partial match without matching house number
43178480711a158a,บริษัท วอทเอฟเวอร์ ดีไซน์ แอนด์ คอนซัลท์ จํากัด,กรุงเทพมหานคร,เขตลาดพร้าว,approximate,13.8088703,100.6177644,13.6850441,100.5467076,OK,GEOMETRIC_CENTER,TRUE,"43, Soi Saphan Khu, Rama 4 Road, Thung Mahamek, Khet Sathon, Bangkok, 10120, แขวงช่องนนทรี เขตยานนาวา กรุงเทพมหานคร 10120 ประเทศไทย",ChIJqTKDfuGh4jARpOGv-YGVER4,low confidence location_type=GEOMETRIC_CENTER
fbd464bee5822024,บริษัท โอนเนอร์ เมท กรุ๊ป จำกัด,สมุทรปราการ,อำเภอเมืองสมุทรปราการ,city,13.5981041,100.6011757,13.6358434,100.6305736,OK,APPROXIMATE,TRUE,หมู่ที่ 5 ตำบล สำโรงเหนือ อำเภอเมืองสมุทรปราการ สมุทรปราการ 10270 ประเทศไทย,ChIJI7B11HlfHTERU0Ns5dXvxrc,low confidence location_type=APPROXIMATE
96152e7d2a18404b,บริษัท ซัคเซส แอนด์ ริช คอนสตรัคชั่น จำกัด,นนทบุรี,อำเภอเมืองนนทบุรี,city,13.8428962,100.4937886,13.9765775,100.3454579,OK,APPROXIMATE,TRUE,หมู่ 7 ไทรน้อย อำเภอไทรน้อย นนทบุรี 11150 ประเทศไทย,ChIJ1eLoov6L4jAR5-MNd-BWesA,low confidence location_type=APPROXIMATE
acca1a17d133844e,บริษัท เอ เอส พาวเวอร์ แอสแซท จำกัด,นครนายก,อำเภอเมืองนครนายก,city,14.203647,101.2147087,14.2038387,101.2268773,OK,APPROXIMATE,TRUE,ตำบล นครนายก อำเภอเมืองนครนายก นครนายก 26000 ประเทศไทย,ChIJMTChBCauHTERQNwMRTeSAQQ,low confidence location_type=APPROXIMATE
4b2c6789a6806da2,บริษัท เพาเวอร์ เบรน ไซน์ จำกัด,นนทบุรี,อำเภอเมืองนนทบุรี,city,13.8428962,100.4937886,13.8539060,100.4971099,OK,RANGE_INTERPOLATED,TRUE,9 เลี่ยงเมืองนนทบุรี ซ. 5 ตำบลตลาดขวัญ อำเภอเมืองนนทบุรี นนทบุรี 11000 ประเทศไทย,Ems5IE5vbnRoYWJ1cmkgQnlwYXRoIFJkIDUsIFRhbWJvbiBUYWxhdCBLd2FuLCBBbXBob2UgTXVlYW5nIE5vbnRoYWJ1cmksIENoYW5nIFdhdCBOb250aGFidXJpIDExMDAwLCBUaGFpbGFuZCIwEi4KFAoSCbnbysI8m-IwERTlBIFoLZD2EAkqFAoSCev_iUU9m-IwEVPUCrUiL82Z,partial match without matching house number
2545d111f0517792,บริษัท สตูดิโอ เอ็นดีที จำกัด,นนทบุรี,อำเภอเมืองนนทบุรี,city,13.8428962,100.4937886,13.9235362,100.3947116,OK,APPROXIMATE,TRUE,นนทบุรี ประเทศไทย,ChIJO6t2z8CE4jARpO5V399Gdpg,low confidence location_type=APPROXIMATE
700444b3edc8996c,บริษัท บ้านธนูศร จำกัด,นนทบุรี,อำเภอเมืองนนทบุรี,city,13.8428962,100.4937886,13.9088173,100.4434873,OK,APPROXIMATE,TRUE,หมู่ที่ 1 ตำบล บางบัวทอง อำเภอปากเกร็ด นนทบุรี 11110 ประเทศไทย,ChIJs6sjPGOF4jARJP-0f2_KbB8,low confidence location_type=APPROXIMATE
e3dc5c7b4c74d506,บริษัท เอ็ม เอ ซี แอสโซซิเอชั่น จำกัด,ชลบุรี,อำเภอเมืองชลบุรี,city,13.3662087,100.9872185,13.3480956,101.0194079,OK,APPROXIMATE,TRUE,หมู่ที่ 1 ตำบลหนองรี อำเภอเมืองชลบุรี ชลบุรี 20000 ประเทศไทย,ChIJ-RYqWgc1HTERkzSvJ0fgeKQ,low confidence location_type=APPROXIMATE
9a28a0966c7ba852,บริษัท จูบิลี ไทม จำกัด,กรุงเทพมหานคร,เขตลาดพร้าว,approximate,13.8088703,100.6177644,13.6850441,100.5467076,OK,GEOMETRIC_CENTER,TRUE,"43, Soi Saphan Khu, Rama 4 Road, Thung Mahamek, Khet Sathon, Bangkok, 10120, แขวงช่องนนทรี เขตยานนาวา กรุงเทพมหานคร 10120 ประเทศไทย",ChIJqTKDfuGh4jARpOGv-YGVER4,low confidence location_type=GEOMETRIC_CENTER
20394980022c2986,บริษัท คริสตัล ทราเวล สไตลิสต์ จำกัด,กรุงเทพมหานคร,เขตลาดพร้าว,approximate,13.8088703,100.6177644,13.6850441,100.5467076,OK,GEOMETRIC_CENTER,TRUE,"43, Soi Saphan Khu, Rama 4 Road, Thung Mahamek, Khet Sathon, Bangkok, 10120, แขวงช่องนนทรี เขตยานนาวา กรุงเทพมหานคร 10120 ประเทศไทย",ChIJqTKDfuGh4jARpOGv-YGVER4,low confidence location_type=GEOMETRIC_CENTER
f8e2e56f393f3cb1,อิทธิฤทธิ์ ไนซ์ คอร์ปอเรชั่น จำกัด (มหาชน),สมุทรสาคร,อำเภอเมืองสมุทรสาคร,city,13.5497782,100.2742813,13.5650377,100.2151578,OK,APPROXIMATE,TRUE,สมุทรสาคร ประเทศไทย,ChIJWQJASRK44jARGGWC2nURVAo,low confidence location_type=APPROXIMATE
93582bff6905aaff,บริษัท ฟายด์ เวอร์ค กรุ๊ป จำกัด,นนทบุรี,อำเภอเมืองนนทบุรี,city,13.8428962,100.4937886,13.8129813,100.4772693,OK,APPROXIMATE,TRUE,หมู่ที่ 10 ตำบล บางสีทอง อำเภอบางกรวย นนทบุรี 11130 ประเทศไทย,ChIJ8bjm606a4jARd2iiOzNnzTQ,low confidence location_type=APPROXIMATE
efc1abc849ebc2af,บริษัท เคไอเอ็ม แอสโซซิเอทส์ จำกัด,นนทบุรี,อำเภอเมืองนนทบุรี,city,13.8428962,100.4937886,14.0494843,100.6873752,OK,APPROXIMATE,TRUE,หมู่ 4 ตำบล คลองสี่ อำเภอคลองหลวง ปทุมธานี 12120 ประเทศไทย,ChIJxXHwCuCBHTERCh2y5tV6-58,low confidence location_type=APPROXIMATE
2bbe1d2205b5e702,บริษัท เอกธนกิต กรุ๊ป จำกัด,ปทุมธานี,อำเภอเมืองปทุมธานี,city,14.0203964,100.5340426,14.0033913,100.6647101,OK,APPROXIMATE,TRUE,ปทุมธานี ประเทศไทย,ChIJR477qYqAHTERUEgMRTeSAQE,low confidence location_type=APPROXIMATE
b9a9549d4f20e9bf,ห้างหุ้นส่วนจำกัด เหนืออิสานทีม,นนทบุรี,อำเภอเมืองนนทบุรี,city,13.8428962,100.4937886,13.9235362,100.3947116,OK,APPROXIMATE,TRUE,นนทบุรี ประเทศไทย,ChIJO6t2z8CE4jARpO5V399Gdpg,low confidence location_type=APPROXIMATE
bc28c3b4b2171ea2,บริษัท เอเซียผลิตภัณฑ์คอนกรีต (1993) จำกัด,สมุทรสาคร,อำเภอเมืองสมุทรสาคร,city,13.5497782,100.2742813,13.5650377,100.2151578,OK,APPROXIMATE,TRUE,สมุทรสาคร ประเทศไทย,ChIJWQJASRK44jARGGWC2nURVAo,low confidence location_type=APPROXIMATE
39823d6e759286aa,บริษัท ไอเดีย เพสท์ เมเนจเม้นท์ จำกัด,สมุทรปราการ,อำเภอเมืองสมุทรปราการ,city,13.5981041,100.6011757,13.5959004,100.6388008,OK,RANGE_INTERPOLATED,TRUE,114 ซอย หมู่บ้านพฤกษา ตำบล บางเมือง อำเภอเมืองสมุทรปราการ สมุทรปราการ 10280 ประเทศไทย,EosBMTE0IOC4i-C4reC4oiDguKvguKHguLnguYjguJrguYnguLLguJnguJ7guKTguIHguKnguLIgVGFtYm9uIEJhbmcgTXVhbmcsIEFtcGhvZSBNdWVhbmcgU2FtdXQgUHJha2FuLCBDaGFuZyBXYXQgU2FtdXQgUHJha2FuIDEwMjgwLCBUaGFpbGFuZCIwEi4KFAoSCf26uQBLXx0xEUWr3zobcjV7EHIqFAoSCfVoOv5KXx0xESaYer4OtTMp,partial match without matching house number
39cc3ab0daaba73a,บริษัท อิทธิฤทธิ์ พลัส จำกัด,ปทุมธานี,อำเภอเมืองปทุมธานี,city,14.0203964,100.5340426,13.9950496,100.6567696,OK,ROOFTOP,TRUE,1/7 ซอย รังสิต-นครนายก 63/1 ตำบล ประชาธิปัตย์ อำาเภอ ธัญบุรี ปทุมธานี 12130 ประเทศไทย,ChIJr2ih_VB-HTERidflqLIryH0,partial match without matching house number
942ba3d9af7deac1,บริษัท ทีโอเอ,สมุทรปราการ,อำเภอเมืองสมุทรปราการ,city,13.5981041,100.6011757,13.5788746,100.8225485,OK,ROOFTOP,TRUE,3 ทางคู่ขนาน ถนนบางนา-ตราด ตำบลบางเสาธง อำเภอบางเสาธง สมุทรปราการ 10570 ประเทศไทย,ChIJHbhQB6JEHTERT3xZMCaCShA,partial match without matching house number
0686b1a4b1a2c653,บริษัท เอ็ม เอ็ม ชี มัช มอร์ จำกัด,กรุงเทพมหานคร,เขตจตุจักร,district,13.8030357,100.5502304,,,ZERO_RESULTS,EMPTY,,,,status=ZERO_RESULTS
f293f9d4bfa67b9b,บริษัท สยามแกรนด์ อลูมิเนียม จำกัด,กาญจนบุรี,อำเภอเมืองกาญจนบุรี,city,14.0227073,99.5323173,14.0181276,99.5449464,OK,APPROXIMATE,TRUE,หมู่ 3 ตำบล ปากแพรก อำเภอเมืองกาญจนบุรี กาญจนบุรี 71000 ประเทศไทย,ChIJw_bz0rJ04zARKSELKp4ujfA,low confidence location_type=APPROXIMATE
b15577f8c091ffcf,ห้างหุ้นส่วนจำกัด คฑาวุธ กรุ๊ป,ปทุมธานี,อำเภอลาดหลุมแก้ว,city,14.0203964,100.5340426,14.0328241,100.3855414,OK,ROOFTOP,TRUE,29MP+46F ตำบล ลาดหลุมแก้ว อำเภอลาดหลุมแก้ว ปทุมธานี 12140 ประเทศไทย,ChIJPwqaMreJ4jARECR2WoOORYw,partial match without matching house number
b1dfb747ff9df4ff,บริษัท แอล เอช ที เอเซีย เซลส์ แอนด์ มาร์เก็ตติ้ง จำกัด,ปทุมธานี,อำเภอเมืองปทุมธานี,city,14.0203964,100.5340426,14.1159389,100.6057914,OK,ROOFTOP,TRUE,2 ซอย นวนคร 1 ตำบล คลองหนึ่ง อำเภอคลองหลวง ปทุมธานี 12120 ประเทศไทย,ChIJI1LQ3mh_4jARIKAA3u8T6F8,partial match without matching house number
533977de08dd73d2,บริษัท ลิกซิล (ประเทศไทย) จำกัด (มหาชน),ปทุมธานี,อำเภอเมืองปทุมธานี,city,14.0203964,100.5340426,14.0403440,100.6162139,OK,GEOMETRIC_CENTER,TRUE,ถ. พหลโยธิน ปทุมธานี ประเทศไทย,EjRQaGFob24gWW90aGluIFJvYWQsIENoYW5nIFdhdCBQYXRodW0gVGhhbmksIFRoYWlsYW5kIi4qLAoUChIJJ07MBY3V3jARL2_ZgaGNXu8SFAoSCUeO-6mKgB0xEVBIDEU3kgEB,low confidence location_type=GEOMETRIC_CENTER
73c9ac23cd106925,บริษัท เค วาย บี เอเชียน แปซิฟิค คอร์ปอเรชั่น จำกัด,ชลบุรี,อำเภอเมืองชลบุรี,city,13.3662087,100.9872185,13.4288702,101.0352981,OK,GEOMETRIC_CENTER,TRUE,ถนน อมตะ ดอนหัวฬ่อ อำเภอเมืองชลบุรี ชลบุรี 20000 ประเทศไทย,ChIJvVJrT_o2HTERJdALUEiuHwM,low confidence location_type=GEOMETRIC_CENTER
4cc9b5b25ea0a01e,บริษัท บลู อควา โซลูชั่น จำกัด,ปทุมธานี,อำเภอเมืองปทุมธานี,city,14.0203964,100.5340426,16.5853530,99.4370604,OK,GEOMETRIC_CENTER,TRUE,ถ. พหลโยธิน ประเทศไทย,ChIJJ07MBY3V3jARL2_ZgaGNXu8,low confidence location_type=GEOMETRIC_CENTER
233ff5b6bbd13be6,บริษัท เซ็นทรัลไลซ์ เพาเวอร์ อุตสาหกรรม จำกัด,ปทุมธานี,อำเภอเมืองปทุมธานี,city,14.0203964,100.5340426,16.5853530,99.4370604,OK,GEOMETRIC_CENTER,TRUE,ถ. พหลโยธิน ประเทศไทย,ChIJJ07MBY3V3jARL2_ZgaGNXu8,low confidence location_type=GEOMETRIC_CENTER
5078676e37044566,รังสิต พรอสเพอร์ เอสเตท,ปทุมธานี,อำเภอเมืองปทุมธานี,city,14.0203964,100.5340426,14.1495727,100.6229318,OK,RANGE_INTERPOLATED,TRUE,9 ซอย พยอม 6 หมู่ 5 ตำบล พยอม อำเภอวังน้อย จังหวัดพระนครศรีอยุธยา 13170 ประเทศไทย,Enw5IOC4i-C4reC4oiDguJ7guKLguK3guKEgNiDguKvguKHguLnguYggNSBUYW1ib24gUGhheW9tLCBBbXBob2UgV2FuZyBOb2ksIENoYW5nIFdhdCBQaHJhIE5ha2hvbiBTaSBBeXV0dGhheWEgMTMxNzAsIFRoYWlsYW5kIjASLgoUChIJnYozglaHHTER_E_K3nnmbZUQCSoUChIJ81kXSVSHHTER6YhWziR5WiQ,formatted address does not match source province
4e89a7d344a8f33f,บริษัท อัมเมก้า (ประเทศไทย) จำกัด,ปทุมธานี,อำเภอเมืองปทุมธานี,city,14.0203964,100.5340426,16.5853530,99.4370604,OK,GEOMETRIC_CENTER,TRUE,ถ. พหลโยธิน ประเทศไทย,ChIJJ07MBY3V3jARL2_ZgaGNXu8,low confidence location_type=GEOMETRIC_CENTER
77188d23ba77ca95,"บริษัท นารุกาว่า ฟู้ดส์ (ไทยแลนด์) จำกัด NARUKAWA FOODS (THAILAND) CO., LTD.",ปทุมธานี,อำเภอคลองหลวง,district,14.1033948,100.6703459,16.5853530,99.4370604,OK,GEOMETRIC_CENTER,TRUE,ถ. พหลโยธิน ประเทศไทย,ChIJJ07MBY3V3jARL2_ZgaGNXu8,low confidence location_type=GEOMETRIC_CENTER
d7eeae083d253cd2,บริษัท อาร์เค (ประเทศไทย) จำกัด,ปทุมธานี,อำเภอคลองหลวง,district,14.1033948,100.6703459,16.5853530,99.4370604,OK,GEOMETRIC_CENTER,TRUE,ถ. พหลโยธิน ประเทศไทย,ChIJJ07MBY3V3jARL2_ZgaGNXu8,low confidence location_type=GEOMETRIC_CENTER
f37275b24578f691,บริษัท โอนิชิ อิเล็กทรอนิกส์ (ไทยแลนด์) จำกัด,ปทุมธานี,อำเภอเมืองปทุมธานี,city,14.0203964,100.5340426,14.0134685,100.6643429,OK,RANGE_INTERPOLATED,TRUE,1 Khlong Sam Road ตำบล คลองสาม อำเภอคลองหลวง ปทุมธานี 12120 ประเทศไทย,EmAxIEtobG9uZyBTYW0gUm9hZCBUYW1ib24gS2hsb25nIFNhbSwgQW1waG9lIEtobG9uZyBMdWFuZywgQ2hhbmcgV2F0IFBhdGh1bSBUaGFuaSAxMjEyMCwgVGhhaWxhbmQiMBIuChQKEgnnjk8fqH8dMRGHC4A1LZT0PBABKhQKEgnDiIfQB38dMRE4c2E74iqvPw,partial match without matching house number
7de4ce16f6249935,ห้างหุ้นส่วนออลนิว ซิสเต็ม,สมุทรปราการ,อำเภอเมืองสมุทรปราการ,city,13.5981041,100.6011757,13.6220394,100.6103305,OK,APPROXIMATE,TRUE,หมู่ 6 ตำบล บางเมืองใหม่ อำเภอเมืองสมุทรปราการ สมุทรปราการ 10270 ประเทศไทย,ChIJu8rMj5mg4jARDKOa4wa7jNA,low confidence location_type=APPROXIMATE
a73db87870cbdc3c,วิทยาลัยนานาชาติราฟเฟิลส์ กรุงเทพฯ - Raffles International College,สมุทรปราการ,อำเภอเมืองสมุทรปราการ,city,13.5981041,100.6011757,13.5787933,100.7792127,OK,APPROXIMATE,TRUE,หมู่15 ตำบลบางเสาธง อำเภอบางเสาธง สมุทรปราการ 10540 ประเทศไทย,ChIJF493pF1bHTERJFsAkr7xsgc,low confidence location_type=APPROXIMATE
1eaaaa6797bba008,"บริษัท ณัฐสิริ เรียลเอสเตท จำกัด - NATSIRI REALESTATE CO., LTD",ปทุมธานี,อำเภอเมืองปทุมธานี,city,14.0203964,100.5340426,14.0655751,100.8475719,OK,ROOFTOP,TRUE,แพรมาพร หมู่ที่2 เสนากรีนวิลล์ คลอง11 ตำบล บึงน้ำรักษ์ อำเภอธัญบุรี ปทุมธานี 12110 ประเทศไทย,ChIJN7U2NQCdHTERb0rNnwtNIbg,partial match without matching house number
4d439d9876b3b6e1,บริษัท เอทีเค กู๊ด เซอร์วิส จำกัด - ATK GOOD SERVICES COMPANY LIMITED,นนทบุรี,อำเภอปากเกร็ด,district,13.9361561,100.5050819,13.9264691,100.4621060,OK,ROOFTOP,TRUE,99 ถ. ชัยพฤกษ์ ตำบล บางพลับ อำเภอปากเกร็ด นนทบุรี 11120 ประเทศไทย,ChIJC77oqpiF4jARuzB_sBoYjRc,partial match without matching house number
63ab757160775891,บริษัท ฮีโน่มอเตอร์ส แมนูแฟคเจอริ่ง (ประเทศไทย) - HINO,สมุทรปราการ,อำเภอเมืองสมุทรปราการ,city,13.5981041,100.6011757,13.6375800,100.6078679,OK,GEOMETRIC_CENTER,TRUE,"99, ถ. เทพารักษ์ ตำบลเทพารักษ์ อำเภอเมืองสมุทรปราการ สมุทรปราการ 10270 ประเทศไทย",ChIJ5am7xbteHTERuOLNHanSAgk,low confidence location_type=GEOMETRIC_CENTER
1b1e7c4fce3f2eab,บริษัท ซินเนอร์เจติค ออโต้ เพอร์ฟอร์มานซ์ จำกัด (มหาชน) - Asap Car Rental,สมุทรปราการ,อำเภอเมืองสมุทรปราการ,district,13.6004117,100.5970076,13.6361291,100.6106162,OK,ROOFTOP,TRUE,หมู่3 ถ. เทพารักษ์ ตำบลเทพารักษ์ อำเภอเมืองสมุทรปราการ สมุทรปราการ 10270 ประเทศไทย,ChIJuzbrWoag4jARdew0e0l-6rc,partial match without matching house number
ffb8771156fab4be,บริษัท สตรีม ไอ.ที.คอนซัลติ้ง จำกัด - stream consulting,กรุงเทพมหานคร,เขตปทุมวัน,district,13.7461522,100.5310235,13.7270531,100.5472545,OK,GEOMETRIC_CENTER,TRUE,ถ. วิทยุ แขวงลุมพินี เขตปทุมวัน กรุงเทพมหานคร 10330 ประเทศไทย,ChIJo-KudiSf4jARuHpmM504kW4,low confidence location_type=GEOMETRIC_CENTER
1b34b553c7873553,รร อัสสัมชัญ สมุทรปราการ - Assumption College Samutprakarn,สมุทรปราการ,อำเภอเมืองสมุทรปราการ,city,13.5981041,100.6011757,13.6003591,100.7153026,OK,GEOMETRIC_CENTER,TRUE,ถ. เทพารักษ์ สมุทรปราการ ประเทศไทย,ChIJj6MMPnBfHTERB4AR1hMHPV4,low confidence location_type=GEOMETRIC_CENTER
18c2f6aa9e9d352a,"FABRINET CO.,LTD บริษัท ฟาบริเนท จำกัด",ปทุมธานี,อำเภอคลองหลวง,district,14.1033948,100.6703459,16.5853530,99.4370604,OK,GEOMETRIC_CENTER,TRUE,ถ. พหลโยธิน ประเทศไทย,ChIJJ07MBY3V3jARL2_ZgaGNXu8,low confidence location_type=GEOMETRIC_CENTER
62fa7560510282f2,โรงพยาบาลกรุงเทพระยอง (Bangkok Rayong Hospital),ระยอง,อำเภอเมืองระยอง,city,12.6817905,101.277765,12.6886466,101.1875364,OK,GEOMETRIC_CENTER,TRUE,ชุมชหนองน้ำเย็น ซ. 4 ตำบลเนินพระ อำเภอเมืองระยอง ระยอง 21000 ประเทศไทย,En3guIrguLjguKHguIrguKvguJnguK3guIfguJnguYnguLPguYDguKLguYfguJkg4LiLLiA0IFRhbWJvbiBOb2VuIFBocmEsIEFtcGhvZSBNdWVhbmcgUmF5b25nLCBDaGFuZyBXYXQgUmF5b25nIDIxMDAwLCBUaGFpbGFuZCIuKiwKFAoSCYkcuX9B-gIxEe8eQDhWzrSbEhQKEglvXCKKrf0CMRGgJekUTtgDHA,low confidence location_type=GEOMETRIC_CENTER
209b1b950302aea7,IDEO EMPOWERMENT (บริษัท ไอดีโอ้ เอ็มพาวเวอร์เมนท์)เป็นสถาบันและบริษัทพัฒนาทักษะองค์กร (Soft & Hard Skills),นนทบุรี,อำเภอบางกรวย,district,13.8110609,100.5059347,13.8145358,100.3737343,OK,GEOMETRIC_CENTER,TRUE,ซ. 5 ตำบล ศาลากลาง อำเภอบางกรวย นนทบุรี 11130 ประเทศไทย,ChIJkWnqlRSR4jARSqAQaW1N2nY,low confidence location_type=GEOMETRIC_CENTER
